author,author_flair_background_color,author_flair_css_class,author_flair_richtext,author_flair_template_id,author_flair_text,author_flair_text_color,author_flair_type,author_fullname,can_mod_post,contest_mode,created_utc,domain,full_link,id,is_crosspostable,is_meta,is_original_content,is_reddit_media_domain,is_self,is_video,link_flair_background_color,link_flair_css_class,link_flair_richtext,link_flair_template_id,link_flair_text,link_flair_text_color,link_flair_type,locked,media_only,no_follow,num_comments,num_crossposts,over_18,parent_whitelist_status,permalink,pinned,post_hint,preview,pwls,retrieved_on,score,selftext,send_replies,spoiler,stickied,subreddit,subreddit_id,subreddit_subscribers,subreddit_type,thumbnail,thumbnail_height,thumbnail_width,title,url,whitelist_status,wls,timestamp
I_Never_Get_Gifts,,,[],,,,text,t2_h16zzqw,False,False,1536435082,self.chicago,https://www.reddit.com/r/chicago/comments/9e6tdd/i_need_help/,9e6tdd,True,False,False,False,True,False,,,[],,,dark,text,False,False,True,7,0,False,all_ads,/r/chicago/comments/9e6tdd/i_need_help/,False,,,6,1536435083,1,"I'm really struggling right now. I have a job and everything I'm not an unemployed mooch or a druggy or anything of that sort. I'm a young adult. 21 years old. I really need help with making it through the week. I get paid on Friday (not the 7th, the Friday after.) but until then I""m just in a really bad spot. I had some medical issues and they kinda killed my money. (It was dental stuff, I don't have cancer or anything like that) I haven't been broke in a long time because the job I have is actually..really good for my age. I make $16 an hour which is probably more than 90% of 21 year olds can say they make I was just really unlucky...If someone can help me with money through paypal or something that would be amazing. I know this subreddit isn't like /r/whinykidsbegformoney but I'm really hoping someone will help me. If not, I totally underst",True,False,False,chicago,t5_2qh2t,122195,public,self,,,I need help.,https://www.reddit.com/r/chicago/comments/9e6tdd/i_need_help/,all_ads,6,2018-09-08
musicallycharged,,,[],,,,text,t2_p8s9ksw,False,False,1536435572,self.chicago,https://www.reddit.com/r/chicago/comments/9e6vo9/fob_at_wrigley_tonight_ticket_for_sale/,9e6vo9,False,False,False,False,True,False,,,[],,,dark,text,False,False,True,0,0,False,all_ads,/r/chicago/comments/9e6vo9/fob_at_wrigley_tonight_ticket_for_sale/,False,,,6,1536435574,1,[removed],True,False,False,chicago,t5_2qh2t,122196,public,self,,,FOB at wrigley tonight ticket for sale,https://www.reddit.com/r/chicago/comments/9e6vo9/fob_at_wrigley_tonight_ticket_for_sale/,all_ads,6,2018-09-08
MomentarySpark,,,[],,,,text,t2_e2a7v9z,False,False,1536435657,i.imgur.com,https://www.reddit.com/r/chicago/comments/9e6w2u/a_pot_o_sears_on_labor_day/,9e6w2u,True,False,False,False,False,False,,,[],,,dark,text,False,False,True,3,0,False,all_ads,/r/chicago/comments/9e6w2u/a_pot_o_sears_on_labor_day/,False,,,6,1536435659,1,,True,False,False,chicago,t5_2qh2t,122196,public,default,,,A Pot o' Sears on Labor Day,https://i.imgur.com/6cwbQvT.jpg,all_ads,6,2018-09-08
kfcpop,,,[],,,,text,t2_ec67q,False,False,1536436207,self.chicago,https://www.reddit.com/r/chicago/comments/9e6ymx/i_almost_got_scammed_by_someone_claiming_to_be/,9e6ymx,False,False,False,False,True,False,,talk,"[{'e': 'text', 't': 'CHI Talks'}]",130a9242-c7e4-11e7-824c-0e51a10e70fa,CHI Talks,dark,richtext,False,False,True,0,0,False,all_ads,/r/chicago/comments/9e6ymx/i_almost_got_scammed_by_someone_claiming_to_be/,False,,,6,1536436208,1,[removed],True,False,False,chicago,t5_2qh2t,122196,public,self,,,I almost got scammed by someone claiming to be ComEd,https://www.reddit.com/r/chicago/comments/9e6ymx/i_almost_got_scammed_by_someone_claiming_to_be/,all_ads,6,2018-09-08
ghost_paws,,,[],,,,text,t2_1ukskpe,False,False,1536436463,self.chicago,https://www.reddit.com/r/chicago/comments/9e6zta/ufc_fans/,9e6zta,True,False,False,False,True,False,,,[],,,dark,text,False,False,True,7,0,False,all_ads,/r/chicago/comments/9e6zta/ufc_fans/,False,,,6,1536436464,1,"I posted before and met a few cool people, but with everyone having different schedules and some people being in the suburbs, it's fizzled out. Looking for UFC fans that like to go watch the fights at bars on the weekend. I'm 27/f, looking for people similarly aged (like 24-34). PM me if you want to get up to watch!",True,False,False,chicago,t5_2qh2t,122196,public,self,,,UFC fans?,https://www.reddit.com/r/chicago/comments/9e6zta/ufc_fans/,all_ads,6,2018-09-08
399allday,,,[],,,,text,t2_cr58r4j,False,False,1536437171,i.redd.it,https://www.reddit.com/r/chicago/comments/9e72ym/you_know_your_from_bridgeport_when_youre_walking/,9e72ym,True,False,False,True,False,False,,,[],,,dark,text,False,False,True,5,0,False,all_ads,/r/chicago/comments/9e72ym/you_know_your_from_bridgeport_when_youre_walking/,False,,,6,1536437172,1,,True,False,False,chicago,t5_2qh2t,122197,public,default,,,You know your from Bridgeport when youâ€™re walking down your alley and you see..,https://i.redd.it/tbafvf5zm2l11.jpg,all_ads,6,2018-09-08
VanishedChicago,,suburbs,"[{'e': 'text', 't': 'Suburb of Chicago'}]",43d2f644-57cf-11e5-8af7-0ed57d7657f1,Suburb of Chicago,dark,richtext,t2_1fdat07x,False,False,1536437417,i.redd.it,https://www.reddit.com/r/chicago/comments/9e742j/here_is_a_chicago_surface_line_streetcar_for_the/,9e742j,True,False,False,True,False,False,,pictures,"[{'e': 'text', 't': 'Pictures'}]",f1b44496-c914-11e5-b292-0e81d986c4b5,Pictures,dark,richtext,False,False,True,11,0,False,all_ads,/r/chicago/comments/9e742j/here_is_a_chicago_surface_line_streetcar_for_the/,False,image,"{'enabled': True, 'images': [{'id': 'GBS0uHX4j74KKcymTP-qkBgUZ2ftixzQHZzhy2OHfQ8', 'resolutions': [{'height': 70, 'url': 'https://i.redditmedia.com/LIMnSIZvyeavvB97qsHACTyquTmyHKB0uPH-RVTs8_w.jpg?fit=crop&amp;crop=faces%2Centropy&amp;arh=2&amp;w=108&amp;s=ff63f7c43bdb2138478b9c5b39b364af', 'width': 108}, {'height': 141, 'url': 'https://i.redditmedia.com/LIMnSIZvyeavvB97qsHACTyquTmyHKB0uPH-RVTs8_w.jpg?fit=crop&amp;crop=faces%2Centropy&amp;arh=2&amp;w=216&amp;s=b4915273886f741c9c24149210e58905', 'width': 216}, {'height': 209, 'url': 'https://i.redditmedia.com/LIMnSIZvyeavvB97qsHACTyquTmyHKB0uPH-RVTs8_w.jpg?fit=crop&amp;crop=faces%2Centropy&amp;arh=2&amp;w=320&amp;s=259b5caefe30bf03a8e4b79822d7b70c', 'width': 320}, {'height': 418, 'url': 'https://i.redditmedia.com/LIMnSIZvyeavvB97qsHACTyquTmyHKB0uPH-RVTs8_w.jpg?fit=crop&amp;crop=faces%2Centropy&amp;arh=2&amp;w=640&amp;s=9d4ae7593f9ebd6707c437665566428e', 'width': 640}, {'height': 627, 'url': 'https://i.redditmedia.com/LIMnSIZvyeavvB97qsHACTyquTmyHKB0uPH-RVTs8_w.jpg?fit=crop&amp;crop=faces%2Centropy&amp;arh=2&amp;w=960&amp;s=76cd632bc00a49031b76171bc0cdb9f0', 'width': 960}, {'height': 706, 'url': 'https://i.redditmedia.com/LIMnSIZvyeavvB97qsHACTyquTmyHKB0uPH-RVTs8_w.jpg?fit=crop&amp;crop=faces%2Centropy&amp;arh=2&amp;w=1080&amp;s=25737b24ee6823bda931fb340be16b85', 'width': 1080}], 'source': {'height': 1046, 'url': 'https://i.redditmedia.com/LIMnSIZvyeavvB97qsHACTyquTmyHKB0uPH-RVTs8_w.jpg?s=d6632af63c0a9c0f2e2e4869c717eff4', 'width': 1600}, 'variants': {}}]}",6,1536437419,1,,True,False,False,chicago,t5_2qh2t,122197,public,https://b.thumbs.redditmedia.com/04zE4hYEBVKl_xqTMSXEjoSIwfiHOgcZ0PpuJPQFVfU.jpg,91.0,140.0,Here is a Chicago Surface Line Streetcar for the Laramie Ave route. That route discontinued in 1937.,https://i.redd.it/l8r2smipn2l11.jpg,all_ads,6,2018-09-08
ChicagoBroker21,,,[],,,,text,t2_1po5h3fm,False,False,1536438491,self.chicago,https://www.reddit.com/r/chicago/comments/9e78vo/polaris_slingshot_illinois_law/,9e78vo,False,False,False,False,True,False,,,[],,,dark,text,False,False,True,3,0,False,all_ads,/r/chicago/comments/9e78vo/polaris_slingshot_illinois_law/,False,,,6,1536438492,1,[removed],True,False,False,chicago,t5_2qh2t,122197,public,self,,,Polaris Slingshot Illinois Law,https://www.reddit.com/r/chicago/comments/9e78vo/polaris_slingshot_illinois_law/,all_ads,6,2018-09-08
BabyDjango,,,[],,,,text,t2_8uidc,False,False,1536438526,self.chicago,https://www.reddit.com/r/chicago/comments/9e791w/there_is_a_coyote_pup_living_in_our_backyard_and/,9e791w,True,False,False,False,True,False,,ask,"[{'e': 'text', 't': 'Ask CHI'}]",cb334eae-c36b-11e7-a391-0e6f52e58a16,Ask CHI,dark,richtext,False,False,True,7,0,False,all_ads,/r/chicago/comments/9e791w/there_is_a_coyote_pup_living_in_our_backyard_and/,False,,,6,1536438527,1,"At my work, we have a small backyard alley way area that's entirely closed off from the street by tall concrete walls, and it sits just below the Metra tracks. There is an emergency exit as the only street entrance but that door is always locked from the outside and is closed at all times. Aside from the three tenants who share the building along the alley (all have their own back doors) there is no other way for people (or animals) to get in or out unless one were to fall from the train tracks to the garden below. It's overgrown, and has a lot of foliage and weeds (there is even a rabbit back there) but is clean and safe, not open to the public. 

&amp;#x200B;

While at work yesterday, I glanced over at the monitor and saw in our backyard security camera playback that there was a small gray coyote pup back there. Technically, I don't see any reason why he cant live back there forever, but our neighbor just put food and water out for him... Is it fine for us to leave him there, or should we call someone? After watching him run around back there, it seems he might be mangy and possibly have an injured leg, but it's hard to tell. We've never gotten up close, just watched him from the cameras...

&amp;#x200B;

 Are there reputable organizations in Chicago that would help and not euthanize him? Is it even necessary to call anyone? 

*Processing img vynd56nlq2l11...*",True,False,False,chicago,t5_2qh2t,122197,public,self,,,There is a coyote pup living in our backyard and I want to make sure I am doing the right thing.,https://www.reddit.com/r/chicago/comments/9e791w/there_is_a_coyote_pup_living_in_our_backyard_and/,all_ads,6,2018-09-08
Rugged_Turtle,,,[],,,,text,t2_5u9qe,False,False,1536440249,self.chicago,https://www.reddit.com/r/chicago/comments/9e7goc/odd_question_anyone_know_what_bar_in_the_old_town/,9e7goc,True,False,False,False,True,False,,,[],,,dark,text,False,False,True,8,0,False,all_ads,/r/chicago/comments/9e7goc/odd_question_anyone_know_what_bar_in_the_old_town/,False,,,6,1536440249,1,,True,False,False,chicago,t5_2qh2t,122197,public,self,,,"Odd question, anyone know what bar in the Old Town area has the best deals on vanilla vodka?",https://www.reddit.com/r/chicago/comments/9e7goc/odd_question_anyone_know_what_bar_in_the_old_town/,all_ads,6,2018-09-08
